"Timestamp","Estimated_Timestamp","Sender","Receiver","Message"
"18/01/2026 10:32:00","False","Michael Anderson","Mary Pappa","Hello Mary"
"18/01/2026 10:32:01","True","Michael Anderson","Mary Pappa","How are you doing today?"
"18/01/2026 10:32:02","True","Mary Pappa","Michael Anderson","Hello! I'm good, thank you!"
"18/01/2026 10:32:03","True","Mary Pappa","Michael Anderson","And you?"
"18/01/2026 10:32:04","True","Michael Anderson","Mary Pappa","I'm good thanks for asking."
"18/01/2026 10:32:05","True","Michael Anderson","Mary Pappa","Where are you from Mary?"
"18/01/2026 10:32:06","True","Mary Pappa","Michael Anderson","I'm from Greece. And you?"
"18/01/2026 10:32:07","True","Michael Anderson","Mary Pappa","Ahh beautiful country!"
"18/01/2026 10:32:08","True","Michael Anderson","Mary Pappa","I'm from Texas, USA"
"18/01/2026 10:32:09","True","Michael Anderson","Mary Pappa","I'm currently deployed in Syria with the US Marine Corps"
"18/01/2026 10:32:10","True","Michael Anderson","Mary Pappa","It's a tough place, but we do what we have to do"
"18/01/2026 10:32:11","True","Mary Pappa","Michael Anderson","I see… that must be difficult."
"20/01/2026 08:45:00","False","Michael Anderson","Mary Pappa","Good morning Mary How did you sleep?"
"20/01/2026 08:45:01","True","Mary Pappa","Michael Anderson","Good morning! I slept well, thanks!"
"20/01/2026 08:45:02","True","Mary Pappa","Michael Anderson","How are things on your side?"
"20/01/2026 08:45:03","True","Michael Anderson","Mary Pappa","I'm alright, just another long day ahead"
"20/01/2026 08:45:04","True","Michael Anderson","Mary Pappa","I wish I could be there to enjoy a coffee with you"
"20/01/2026 08:45:05","True","Mary Pappa","Michael Anderson","That would be nice, I wish so too."
"20/01/2026 08:45:06","True","Michael Anderson","Mary Pappa","One day soon my love One day soon..."
"20/01/2026 08:45:07","True","Michael Anderson","Mary Pappa","Good night Mary Sweet dreams"
"22/01/2026 07:34:00","False","Michael Anderson","Mary Pappa","Good morning my love Hope you have a beautiful day today"
"22/01/2026 07:34:01","True","Mary Pappa","Michael Anderson","Good morning! Thank you I hope you do too!"
"22/01/2026 07:34:02","True","Michael Anderson","Mary Pappa","Thinking of you already"
"22/01/2026 07:34:03","True","Michael Anderson","Mary Pappa","You are always in my mind"
"22/01/2026 07:34:04","True","Mary Pappa","Michael Anderson","Aww that's so sweet You just made my day"
"22/01/2026 07:34:05","True","Michael Anderson","Mary Pappa","You are very special to me Mary"
"22/01/2026 07:34:06","True","Michael Anderson","Mary Pappa","I feel a deep connection with you"
"22/01/2026 07:34:07","True","Mary Pappa","Michael Anderson","I feel the same way.. It's unlike anything I've felt before."
"25/01/2026 09:12:00","False","Michael Anderson","Mary Pappa","Hope you're having a peaceful day my love Just checking in to see how you're doing"
"25/01/2026 09:12:01","True","Mary Pappa","Michael Anderson","Aww that's so kind of you I'm having a calm day, just a bit busy"
"25/01/2026 09:12:02","True","Michael Anderson","Mary Pappa","I'm glad to hear that. Take care of yourself my love."
"25/01/2026 09:12:03","True","Mary Pappa","Michael Anderson","Thank you Michael You too, take care"
"25/01/2026 09:12:04","True","Michael Anderson","Mary Pappa","Always, my love Thinking of you"
"28/01/2026 08:15:00","False","Michael Anderson","Mary Pappa","Mary, can I ask you something personal?"
"28/01/2026 08:15:01","True","Mary Pappa","Michael Anderson","Yes, of course"
"28/01/2026 08:15:02","True","Michael Anderson","Mary Pappa","Are you married?"
"28/01/2026 08:15:03","True","Michael Anderson","Mary Pappa","Do you have children?"
"28/01/2026 08:15:04","True","Mary Pappa","Michael Anderson","No, I'm a widow. My husband passed away 5 years ago. I have one son, he's 24 and lives in Thessaloniki. I feel a little lonely sometimes."
"30/01/2026 16:30:00","False","Michael Anderson","Mary Pappa","I'm so sorry to hear that Mary"
"30/01/2026 16:30:01","True","Michael Anderson","Mary Pappa","I lost my wife too, 4 years ago. We didn't have children."
"30/01/2026 16:30:02","True","Mary Pappa","Michael Anderson","I'm sorry for your loss too It must be very hard."
"30/01/2026 16:30:03","True","Michael Anderson","Mary Pappa","It was... and still is sometimes."
"30/01/2026 16:30:04","True","Michael Anderson","Mary Pappa","That's why our chats mean a lot to me"
"30/01/2026 16:30:05","True","Mary Pappa","Michael Anderson","Thank you Michael That means a lot coming from you."
"02/02/2026 10:45:00","False","Michael Anderson","Mary Pappa","You are such a strong woman. I admire the way you handle life."
"02/02/2026 10:45:01","True","Mary Pappa","Michael Anderson","Thank you You are strong too. Serving your country is not easy."
"02/02/2026 10:45:02","True","Michael Anderson","Mary Pappa","I do my duty, but thinking of you gives me real happiness."
"02/02/2026 10:45:03","True","Mary Pappa","Michael Anderson","You make me happy too. I look forward to our messages every day."
"06/02/2026 20:38:00","False","Michael Anderson","Mary Pappa","I feel our connection is something very special. I'm glad the universe brought us together."
"06/02/2026 20:38:01","True","Mary Pappa","Michael Anderson","I feel the same Michael Maybe it was meant to be."
"06/02/2026 20:38:02","True","Michael Anderson","Mary Pappa","Maybe it was... and one day fate will bring us together in real life. I can't wait for that day."
"06/02/2026 20:38:03","True","Mary Pappa","Michael Anderson","Me too my love Good night and sweet dreams"
"09/02/2026 19:33:00","False","Michael Anderson","Mary Pappa","Mary, can I tell you something?"
"09/02/2026 19:33:01","True","Michael Anderson","Mary Pappa","I feel I can trust you."
"09/02/2026 19:33:02","True","Michael Anderson","Mary Pappa","I don't usually open up to people, but with you I feel different."
"09/02/2026 19:33:03","True","Mary Pappa","Michael Anderson","Of course you can tell me anything I feel the same with you."
"09/02/2026 19:33:04","True","Michael Anderson","Mary Pappa","That's why I'm writing to you every day... you understand me. Thank you"
"12/02/2026 20:12:00","False","Michael Anderson","Mary Pappa","Long day here... the weather in Syria is tough, hot and always dusty."
"12/02/2026 20:12:01","True","Michael Anderson","Mary Pappa","But your messages give me strength"
"12/02/2026 20:12:02","True","Mary Pappa","Michael Anderson","I'm sorry it's so hard there. Be safe please."
"12/02/2026 20:12:03","True","Michael Anderson","Mary Pappa","I will Mary, I always think about you and that keeps me strong."
"12/02/2026 20:12:04","True","Michael Anderson","Mary Pappa","Wish I could hug you right now…"
"16/02/2026 08:37:00","False","Michael Anderson","Mary Pappa","Good morning my love! You too! I hope you have a safe week."
"16/02/2026 08:37:01","True","Michael Anderson","Mary Pappa","Another week has started."
"16/02/2026 08:37:02","True","Michael Anderson","Mary Pappa","I hope it brings you many smiles"
"16/02/2026 08:37:03","True","Mary Pappa","Michael Anderson","Good morning my love! You too! I hope you have a safe week."
"16/02/2026 08:37:04","True","Michael Anderson","Mary Pappa","Thank you Mary. I will do my best. Just for you."
"20/02/2026 14:22:00","False","Michael Anderson","Mary Pappa","Mary, can I tell you something?"
"20/02/2026 14:22:01","True","Michael Anderson","Mary Pappa","I feel I can trust you."
"20/02/2026 14:22:02","True","Michael Anderson","Mary Pappa","I don't usually open up to people, but with you I feel different."
"20/02/2026 14:22:03","True","Mary Pappa","Michael Anderson","Of course you can tell me anything I feel the same with you."
"20/02/2026 14:22:04","True","Michael Anderson","Mary Pappa","That's why I'm writing to you every day... you understand me."
"21/02/2026 21:44:00","False","Michael Anderson","Mary Pappa","I dream about the day I can finally visit Greece and see you."
"21/02/2026 21:44:01","True","Michael Anderson","Mary Pappa","We could have a beautiful life together Mary. I promise."
"21/02/2026 21:44:02","True","Mary Pappa","Michael Anderson","That would be amazing Michael. I dream about that too."
"21/02/2026 21:44:03","True","Michael Anderson","Mary Pappa","One day, not far away... we will be together. I promise."
"23/02/2026 10:27:00","False","Michael Anderson","Mary Pappa","Today was another long mission."
"23/02/2026 10:27:01","True","Michael Anderson","Mary Pappa","I'm tired but thinking of you makes me feel better."
"23/02/2026 10:27:02","True","Michael Anderson","Mary Pappa","You're the best part of my day"
"23/02/2026 10:27:03","True","Mary Pappa","Michael Anderson","Aww Michael! You're so sweet."
"23/02/2026 10:27:04","True","Michael Anderson","Mary Pappa","Because it's true Mary. I'm serious about us. I see my future with you."
"26/02/2026 22:10:00","False","Michael Anderson","Mary Pappa","I can't wait for the day I hold your hand in Greece"
"26/02/2026 22:10:01","True","Michael Anderson","Mary Pappa","I will do everything to make that happen."
"26/02/2026 22:10:02","True","Mary Pappa","Michael Anderson","I believe you Michael I'm waiting for that day too."
"26/02/2026 22:10:03","True","Michael Anderson","Mary Pappa","I love you Mary More every day."
"28/02/2026 23:18:00","False","Michael Anderson","Mary Pappa","Good night my love"
"28/02/2026 23:18:01","True","Michael Anderson","Mary Pappa","You are the last thought in my mind every night before I sleep."
"28/02/2026 23:18:02","True","Michael Anderson","Mary Pappa","Sleep well, dream of us"
"28/02/2026 23:18:03","True","Mary Pappa","Michael Anderson","Good night Michael"
"28/02/2026 23:18:04","True","Mary Pappa","Michael Anderson","Sweet dreams... talk to you tomorrow."
"28/02/2026 23:18:05","True","Michael Anderson","Mary Pappa","Always... talk to you tomorrow my love"
"02/03/2026 10:24:00","False","Michael Anderson","Mary Pappa","Mary, I've really enjoyed our conversations here."
"02/03/2026 10:24:01","True","Michael Anderson","Mary Pappa","I feel I can trust you."
"02/03/2026 10:24:02","True","Michael Anderson","Mary Pappa","I was thinking it would be better if we continue our communication on Viber."
"02/03/2026 10:24:03","True","Michael Anderson","Mary Pappa","Its more direct and faster, and we can send messages to each other immediately."
"02/03/2026 10:24:04","True","Michael Anderson","Mary Pappa","Would you be okay with that?"
"02/03/2026 10:24:05","True","Michael Anderson","Mary Pappa","with you."
"02/03/2026 10:24:06","True","Mary Pappa","Michael Anderson","Of course you can tell me anything I feel the same with you."
"02/03/2026 10:24:07","True","Michael Anderson","Mary Pappa","Great! Then please send me your phone number so I can add you on Viber and text you there."
"02/03/2026 10:24:08","True","Michael Anderson","Mary Pappa","I'll send you mine too."
"02/03/2026 10:28:00","False","Michael Anderson","Mary Pappa","Here is my number on Viber."
"02/03/2026 10:28:01","True","Michael Anderson","Mary Pappa","+44 7405 812 443"
"02/03/2026 10:28:02","True","Michael Anderson","Mary Pappa","Save it, and I'll message you there."
"02/03/2026 10:28:03","True","Michael Anderson","Mary Pappa","Looking forward to it!"
"02/03/2026 10:28:04","True","Mary Pappa","Michael Anderson","Sure, here is my number: 6949999999"
"02/03/2026 10:28:05","True","Michael Anderson","Mary Pappa","Thank you so much, Mary!"
"02/03/2026 10:28:06","True","Michael Anderson","Mary Pappa","I will add you on Viber right now and message you there."
"02/03/2026 10:28:07","True","Michael Anderson","Mary Pappa","You mean a lot to me, my love."
"02/03/2026 10:28:08","True","Michael Anderson","Mary Pappa","I'm so happy we found each other."
"02/03/2026 10:28:09","True","Michael Anderson","Mary Pappa","Can't wait to keep talking to you there, my love!"
"06/03/2026 10:47:00","False","Michael Anderson","Mary Pappa","My love, I need to tell you something important…"
"06/03/2026 10:48:00","False","Mary Pappa","Michael Anderson","Of course my love, I'm here. What's going on?"
"06/03/2026 10:49:00","False","Michael Anderson","Mary Pappa","I was injured during a mission yesterday. It was a terrible accident."
"06/03/2026 10:50:00","False","Michael Anderson","Mary Pappa","A piece of metal from an explosive hit my leg badly. They had to cut a part of my leg... it was severe. I almost lost it."
"06/03/2026 10:51:00","False","Mary Pappa","Michael Anderson","Oh my God Michael… Are you okay now?"
"06/03/2026 10:52:00","False","Michael Anderson","Mary Pappa","I'm in so much pain my love, but I'm stable for now. The doctors say I need surgery immediately."
"06/03/2026 10:53:00","False","Michael Anderson","Mary Pappa","The army medics did what they could, but this surgery is not something the military can cover."
"06/03/2026 10:53:00","False","Michael Anderson","Mary Pappa","They told me I have to go to a private clinic. The only ones here are very expensive."
"06/03/2026 10:54:00","False","Michael Anderson","Mary Pappa","And... my bank accounts are temporarily frozen. It's part of a routine military security issue."
"06/03/2026 10:54:00","False","Michael Anderson","Mary Pappa","I can't access my money right now."
"06/03/2026 10:55:00","False","Mary Pappa","Michael Anderson","I'm so sorry baby... How much do you need for the surgery?"
"06/03/2026 10:56:00","False","Michael Anderson","Mary Pappa","The clinic gave me the estimate it's 4,500 euros."
"06/03/2026 10:57:00","False","Michael Anderson","Mary Pappa","It's a lot of money, I know… I hate asking you for this."
"06/03/2026 10:57:00","False","Michael Anderson","Mary Pappa","But they said if I don't do the surgery immediately. there's a risk of infection or complications."
"06/03/2026 10:58:00","False","Michael Anderson","Mary Pappa","I don't want to lose my leg completely... and I don't want to lose my future with you either."
"06/03/2026 10:59:00","False","Mary Pappa","Michael Anderson","I would do anything for you Michael…"
"06/03/2026 10:59:00","False","Michael Anderson","Mary Pappa","That's why you are the most amazing woman I've ever met. You have such a kind heart."
"06/03/2026 11:00:00","False","Michael Anderson","Mary Pappa","There are only two private hospitals near the base, and both are very expensive."
"06/03/2026 11:01:00","False","Michael Anderson","Mary Pappa","I already checked with the military office, but they can't help with this."
"06/03/2026 11:01:00","False","Michael Anderson","Mary Pappa","If you could help me, even just for a part of it, I will pay you back as soon as my accounts are released."
"06/03/2026 11:01:00","False","Michael Anderson","Mary Pappa","I promise you that."
"06/03/2026 11:02:00","False","Mary Pappa","Michael Anderson","I trust you my love. I will try to send it to you as soon as possible."
"06/03/2026 11:03:00","False","Michael Anderson","Mary Pappa","Thank you so much my love, from the bottom of my heart. You are my angel."
"06/03/2026 11:04:00","False","Michael Anderson","Mary Pappa","I feel so blessed to have you in my life, Mary."
"06/03/2026 11:04:00","False","Michael Anderson","Mary Pappa","You are the only reason I have the strength to go through this."
"06/03/2026 11:05:00","False","Michael Anderson","Mary Pappa","I love you more than words can ever express. I will get through this for us."
"06/03/2026 11:06:00","False","Mary Pappa","Michael Anderson","I love you too Michael. Please take care of yourself. I'm always here for you."
"06/03/2026 11:07:00","False","Michael Anderson","Mary Pappa","Always and forever, my love. I'll keep you updated after the surgery."
"06/03/2026 11:07:00","False","Michael Anderson","Mary Pappa","Talk to you soon. I love you so much."
"06/03/2026 11:17:00","False","Michael Anderson","Mary Pappa","The clinic confirmed they can do the surgery as soon as the funds arrive."
"06/03/2026 11:18:00","False","Michael Anderson","Mary Pappa","They accept money through a transfer service. It's the fastest and safest option for me right now."
"06/03/2026 11:18:00","False","Michael Anderson","Mary Pappa","I need you to help me with this, my love. I really don't have anyone else I can turn to."
"06/03/2026 11:19:00","False","Mary Pappa","Michael Anderson","I'll do anything to help you, Michael. Just tell me what I need to do."
"06/03/2026 11:20:00","False","Michael Anderson","Mary Pappa","Thank you so much, Mary. I knew I could count on you. You mean the world to me."
"06/03/2026 11:20:00","False","Michael Anderson","Mary Pappa","Please go to a MoneyGram location near you."
"06/03/2026 11:21:00","False","Michael Anderson","Mary Pappa","Tell them you want to send money internationally and choose the option Send money to Nigeria. I'll give you the details you need."
"06/03/2026 11:22:00","False","Michael Anderson","Mary Pappa","Use these receiver details: Receiver Name: David K Musa Country: Nigeria City: Lagos Receive option: Cash pickup (at a partner location in Nigeria)"
"06/03/2026 11:22:00","False","Michael Anderson","Mary Pappa","The amount to send is 4,500 EUR"
"06/03/2026 11:23:00","False","Michael Anderson","Mary Pappa","After you complete the payment, the agent will give you a reference number."
"06/03/2026 11:23:00","False","Michael Anderson","Mary Pappa","Please send me that number (MTCN) here as soon as you can so I can pick up the cash right away."
"06/03/2026 11:24:00","False","Mary Pappa","Michael Anderson","Okay my love, I'll go to MoneyGram now and do it. I'll send you the reference number right after."
"06/03/2026 11:25:00","False","Michael Anderson","Mary Pappa","You are my angel, Mary. I don't know what I would do without you. I love you so much!"
"06/03/2026 11:26:00","False","Michael Anderson","Mary Pappa","Please let me know once you've completed the transfer and send me the reference number (MTCN)."
"06/03/2026 11:29:00","False","Mary Pappa","Michael Anderson","I just completed it, my love. Here is the reference number: 84273159"
"06/03/2026 11:30:00","False","Michael Anderson","Mary Pappa","Thank you so much, my angel! You have no idea what this means to me. You are saving my life."
"06/03/2026 11:31:00","False","Michael Anderson","Mary Pappa","The money will help cover the surgery and everything I need. I will never forget this. I love you with all my heart."
"06/03/2026 11:31:00","False","Michael Anderson","Mary Pappa","I'm about to go to the hospital now. They are preparing me for surgery. Please keep me in your prayers."
"06/03/2026 11:32:00","False","Mary Pappa","Michael Anderson","Oh Michael... I'm so glad I could help you. I'm praying for you right now and always."
"07/03/2026 08:41:00","False","Michael Anderson","Mary Pappa","Good morning my love!"
"07/03/2026 08:42:00","False","Michael Anderson","Mary Pappa","I just spoke with the clinic and they confirmed the payment arrived. Everything is in place."
"07/03/2026 08:42:00","False","Michael Anderson","Mary Pappa","I'm going in for surgery in about an hour."
"07/03/2026 08:43:00","False","Michael Anderson","Mary Pappa","I'm a little nervous but I know everything will be okay because of you and your love and support."
"07/03/2026 08:43:00","False","Michael Anderson","Mary Pappa","I love you so much, Mary. More than words can say."
"07/03/2026 08:45:00","False","Mary Pappa","Michael Anderson","Good morning my love! I'm so happy to hear that the money arrived and that you can finally have the surgery. You are so strong Michael, you will get through this. I'm praying for you now and sending you all my love."
"07/03/2026 08:46:00","False","Michael Anderson","Mary Pappa","Thank you my angel. Your prayers mean the world to me. I'll message you as soon as I can after. I love you always."
"08/03/2026 15:48:00","False","Michael Anderson","Mary Pappa","Hey my love."
"08/03/2026 15:48:00","False","Michael Anderson","Mary Pappa","I wanted to let you know that I came out of surgery and everything went well. Thank God!"
"08/03/2026 15:49:00","False","Michael Anderson","Mary Pappa","The doctors said it was a successful surgery and I'm recovering now."
"08/03/2026 15:49:00","False","Michael Anderson","Mary Pappa","I'm in a lot of pain, but it's bearable and I know it will get better each day."
"08/03/2026 15:50:00","False","Michael Anderson","Mary Pappa","I will rest and focus on my recovery. I won't be able to talk much, but I promise I will contact you as soon as I'm feeling stronger."
"08/03/2026 15:50:00","False","Michael Anderson","Mary Pappa","Thank you again for everything you did for me. You truly saved me. I love you so much, Mary. Always and forever."
"08/03/2026 15:52:00","False","Mary Pappa","Michael Anderson","I'm so relieved to hear that you're out of surgery and that everything went well! Please take good care of yourself and rest as much as you can. I'm here for you; always. I love you so much Michael. Get well soon."
"10/03/2026 00:00:00","True","Mary Pappa","Michael Anderson","Good morning, my love. I will take care of everything. Please rest and get strong. I love you so much."
"10/03/2026 00:00:00","True","Michael Anderson","Mary Pappa","Good morning, my love. I just woke up. I'm feeling a little better today. The doctors say everything is going well. I can't thank you enough for everything you've done for me. You are truly an angel in my life. There's something important I need to tell you. I need to send you a personal box. Some belongings, gold, and documents for our future. A shipping company will contact you. Please follow their instructions. I will be away for a while now. I'm very weak. I need rest. You are always in my heart."
"10/03/2026 08:12:00","False","Michael Anderson","Mary Pappa","Good morning my love! I just woke up."
"10/03/2026 08:13:00","False","Michael Anderson","Mary Pappa","I'm feeling better today and the doctors say everything is going well. I can't thank you enough for everything you've done for me. You are truly an angel in my life."
"10/03/2026 08:14:00","False","Michael Anderson","Mary Pappa","There's something important I need to tell you. I need to send you a personal box containing some of my personal belongings, a few valuable items, some gold, and also important confidential documents that will help us so much in the future."
"10/03/2026 08:15:00","False","Michael Anderson","Mary Pappa","I'm still a military officer and these things are very valuable to me. I don't want to lose them or have someone take them while I'm here. That's why I want to send everything to you as soon as possible."
"10/03/2026 08:16:00","False","Michael Anderson","Mary Pappa","A shipping company will contact you with more details about the delivery and what needs to be done."
"10/03/2026 08:16:00","False","Michael Anderson","Mary Pappa","Please respond to them and follow their instructions so the box can be released to you without delay."
"10/03/2026 08:17:00","False","Michael Anderson","Mary Pappa","I will be out of the chat for a while now my love. I'm still very weak and I need plenty of rest to recover."
"10/03/2026 08:17:00","False","Michael Anderson","Mary Pappa","I may not be here very often, but please know you are always in my heart and thoughts."
"10/03/2026 08:19:00","False","Mary Pappa","Michael Anderson","Good morning my love! I will take care of everything. Please rest and get strong. I love you so much always."
"14/03/2026 00:00:00","True","Global Diplomatic Shipping","Mary Pappa","Dear Mary Pappa, This is to inform you that your parcel has been detained by customs authorities and is currently on hold at the point of entry. In order to secure the release and delivery of your parcel, an urgent payment must be made to cover customs clearance and handling charges. ACTION REQUIRED To avoid delays, additional storage fees or possible confiscation, Please make the required payment immediately. Failure to comply may result in confiscation of the parcel. PAYMENT INSTRUCTIONS Please transfer the total amount of €2,800 via Revolut to the following beneficiary: | Beneficiary Name: Daniel Cooper | Revolut Tag: @daniel-cooper-uk | Once the payment is completed, kindly reply to this email with a screenshot of the transaction for confirmation and immediate processing. We appreciate your prompt attention to this matter. Kind regards, Global Diplomatic Shipping - Clearance Department This is an automated message. Do not reply directly to this email. | clearance@global-diplomatic-shipping.com | www.global-diplomatic-shipping.com | | +44 20 7946 0586 | Monday - Friday (08:00 – 18:00) (GMT)"
"15/03/2026 15:09:00","False","Richard Coleman","Mary Pappa","Your account is now ready."
"15/03/2026 15:09:00","False","Richard Coleman","Mary Pappa","You can proceed with the initial investment."
"15/03/2026 15:10:00","False","Mary Pappa","Richard Coleman","Okay. I will try now."
"15/03/2026 15:11:00","False","Richard Coleman","Mary Pappa","I completed the payment."
"15/03/2026 15:11:00","False","Mary Pappa","Richard Coleman","It shows 10,000 EUR."
"15/03/2026 15:11:00","False","Richard Coleman","Mary Pappa","Excellent. That is the correct amount."
"15/03/2026 15:11:00","False","Richard Coleman","Mary Pappa","The system has received it successfully."
"18/03/2026 00:00:00","True","Richard Coleman","Mary Pappa","Hello Mary. This is Richard Coleman, Senior Investment Advisor. I just spoke with Michael Anderson. He explained everything to me. I understand your situation. I am here to guide you through the investment process. First, you need to create your account on the platform. Then you will complete the verification process. The KYC procedure. After that, you will proceed with your initial investment. This is a standard process. You do not need to worry. I will assist you step by step. You will also be able to see your account activity, including your balance, your trading activity, and your profits. Everything will be visible to you in real time. This is a very good opportunity, Mary. We just need to follow the correct steps."
"18/03/2026 00:00:55","True","Mary Pappa","Richard Coleman","Hello, I'm not really familiar with these things. I don't have experience with investments or crypto. Are you sure I will be able to understand everything?"
"18/03/2026 00:01:06","True","Richard Coleman","Mary Pappa","That is completely understandable. You don't need prior experience. This is why I am here. I will guide you through every step. You just need to follow my instructions carefully. Everything is designed to be simple. Once your account is set up, everything will become clear to you."
"18/03/2026 13:07:00","False","Mary Pappa","Michael Anderson","Hello my love"
"18/03/2026 13:09:00","False","Mary Pappa","Michael Anderson","I wanted to let you know that I made the payment to the shipping company."
"18/03/2026 13:10:00","False","Michael Anderson","Mary Pappa","Thank you, my angel. I appreciate it so much."
"18/03/2026 13:11:00","False","Michael Anderson","Mary Pappa","My recovery is not going well. There are complications, and the doctors say I might lose my leg. The surgery needed would cost a lot, at least €15,000."
"18/03/2026 13:13:00","False","Mary Pappa","Michael Anderson","Oh Michael, I don't have that kind of money. I'm very worried about you. I hope you'll be okay soon."
"18/03/2026 13:14:00","False","Michael Anderson","Mary Pappa","Listen, I have access to a confidential cryptocurrency investment opportunity that I think could get us the money we need. It's a life-changing opportunity."
"18/03/2026 13:16:00","False","Michael Anderson","Mary Pappa","You need to act quickly."
"18/03/2026 13:16:00","False","Michael Anderson","Mary Pappa","A financial advisor from the platform will message you here on Viber soon to guide you."
"18/03/2026 13:17:00","False","Michael Anderson","Mary Pappa","I don't want to lose my leg. Please, you need to do this quickly so we can get the money."
"18/03/2026 13:17:00","False","Mary Pappa","Michael Anderson","I'm so worried about you. I just want to help you in any way I'm able to."
"18/03/2026 13:18:00","False","Michael Anderson","Mary Pappa","This is a once-in-a-lifetime chance. We have to act right away, Mary, so we can be sure to get the money needed for my surgery."
"18/03/2026 13:19:00","False","Mary Pappa","Michael Anderson","Alright, I'll look into it. Just know I'm not familiar with this sort of investment."
"18/03/2026 13:19:00","False","Michael Anderson","Mary Pappa","I know you're smart and capable. You can do it, my love."
"18/03/2026 13:19:00","False","Michael Anderson","Mary Pappa","https://capitalfxpro-market.net This is very important, Mary. It'$ the opportunity that could change not just our lives, but also save my leg. It absolutely has to be done right"
"19/03/2026 00:00:00","True","Mary Pappa","Richard Coleman","Hello, I'm not really familiar with these things. I don't have experience with investments or crypto. Are you sure I will be able to understand everything? I don't want to make a mistake."
"19/03/2026 13:12:00","False","Richard Coleman","Mary Pappa","Hello Mary, this is Richard Coleman. Senior Investment Advisor."
"19/03/2026 13:12:00","False","Mary Pappa","Richard Coleman","I just spoke with Michael Anderson. He explained everything to me."
"19/03/2026 13:14:00","False","Richard Coleman","Mary Pappa","Hello yes, Michael mentioned you."
"19/03/2026 13:14:00","False","Richard Coleman","Mary Pappa","I understand the situation is urgent."
"19/03/2026 13:14:00","False","Richard Coleman","Mary Pappa","I'm here to help you generate the funds needed."
"19/03/2026 13:15:00","False","Mary Pappa","Richard Coleman","I don't really understand these things..."
"19/03/2026 13:15:00","False","Mary Pappa","Richard Coleman","I have no experience with investments or crypto."
"19/03/2026 13:16:00","False","Richard Coleman","Mary Pappa","That is perfectly fine."
"19/03/2026 13:16:00","False","Richard Coleman","Mary Pappa","You don't need any experience. I will guide you completely."
"19/03/2026 13:16:00","False","Richard Coleman","Mary Pappa","First step is very simple."
"19/03/2026 13:16:00","False","Richard Coleman","Mary Pappa","https://capitalfxpro-market.net"
"19/03/2026 13:16:00","False","Richard Coleman","Mary Pappa","I just spoke with Michael Anderson: He explained everything to me."
"19/03/2026 13:17:00","False","Richard Coleman","Mary Pappa","Create an account Complete verification (KYC) Upload ID document"
"19/03/2026 13:17:00","False","Mary Pappa","Richard Coleman","Okay... I can try, but I'm not very familiar with these steps."
"19/03/2026 13:17:00","False","Richard Coleman","Mary Pappa","Don't worry at all. I will guide you step by step in real time."
"19/03/2026 13:17:00","False","Richard Coleman","Mary Pappa","Once your account is ready, we proceed with investment."
"19/03/2026 13:18:00","False","Richard Coleman","Mary Pappa","To maximize results, the recommended starting amount is €10,000."
"19/03/2026 13:18:00","False","Mary Pappa","Richard Coleman","That's a lot of money -"
"19/03/2026 13:18:00","False","Richard Coleman","Mary Pappa","Mary, timing is critical."
"19/03/2026 13:18:00","False","Richard Coleman","Mary Pappa","This opportunity is time-sensitive."
"19/03/2026 13:21:00","False","Richard Coleman","Mary Pappa","I will call you shortly to provide directions."
"19/03/2026 13:21:00","False","Richard Coleman","Mary Pappa","These are the credentials to access your account: Username: marypappa Password: xdfdjehg!#4637"
"19/03/2026 13:21:00","False","Richard Coleman","Mary Pappa","Try logging into your account now."
"26/03/2026 14:10:00","False","Richard Coleman","Mary Pappa","Mary, there are technical settings we will need to change on your account."
"26/03/2026 14:12:00","False","Richard Coleman","Mary Pappa","I'm going to need you to download an application called AnyDesk so I can help you with this."
"26/03/2026 14:13:00","False","Mary Pappa","Richard Coleman","I'm not very good with computers or anything like that."
"26/03/2026 14:13:00","False","Richard Coleman","Mary Pappa","That's perfectly fine."
"26/03/2026 14:14:00","False","Richard Coleman","Mary Pappa","I'll guide you through everything."
"26/03/2026 14:14:00","False","Richard Coleman","Mary Pappa","All you need to do is go to the website anydesk.com"
"26/03/2026 14:15:00","False","Mary Pappa","Richard Coleman","Alright. And then what do I do?"
"26/03/2026 14:15:00","False","Richard Coleman","Mary Pappa","Download and install the program. Let me know once you have it set up."
"07/04/2026 12:03:00","False","Michael Anderson","Mary Pappa","Mary, you need to make an additional investment as soon as possible."
"07/04/2026 12:03:00","False","Michael Anderson","Mary Pappa","Richard has looked over your account, and you don't have any money left available to continue with the investment."
"07/04/2026 12:04:00","False","Mary Pappa","Michael Anderson","I can't do that. I don't have any more money. The advisor already took it all."
"07/04/2026 12:06:00","False","Michael Anderson","Mary Pappa","Mary, you are not understanding the situation."
"07/04/2026 12:06:00","False","Michael Anderson","Mary Pappa","I told you already, you need to follow my instructions if you want things to go well."
"07/04/2026 12:06:00","False","Michael Anderson","Mary Pappa","You shared personal things with me 1 and I still have access to everything"
"07/04/2026 12:06:00","False","Michael Anderson","Mary Pappa","I also reviewed your Facebook profile."
"07/04/2026 12:06:00","False","Michael Anderson","Mary Pappa","I can see your contacts, your friends, your family."
"07/04/2026 12:07:00","False","Mary Pappa","Michael Anderson","What are you talking about??"
"07/04/2026 12:07:00","False","Mary Pappa","Michael Anderson","Please don't do this."
"07/04/2026 12:07:00","False","Mary Pappa","Michael Anderson","I trusted you."
"07/04/2026 12:07:00","False","Mary Pappa","Michael Anderson","You already took all my money."
"07/04/2026 12:07:00","False","Mary Pappa","Michael Anderson","I don't have anything left."
"07/04/2026 12:07:00","False","Mary Pappa","Michael Anderson","Please I'm begging you, don't send anything to my family."
"07/04/2026 12:08:00","False","Michael Anderson","Mary Pappa","Mary, we need to resolve this now."
"07/04/2026 12:08:00","False","Michael Anderson","Mary Pappa","You haven't been following my instructions."
"07/04/2026 12:08:00","False","Michael Anderson","Mary Pappa","I'm trying to help you, but you are making things more complicated."
"07/04/2026 12:08:00","False","Michael Anderson","Mary Pappa","You already know what information I have access to."
"07/04/2026 12:08:00","False","Michael Anderson","Mary Pappa","I also went through your profile and your contacts."
"07/04/2026 12:08:00","False","Michael Anderson","Mary Pappa","Everything is already processed on my side."
"07/04/2026 12:08:00","False","Michael Anderson","Mary Pappa","Mary, make the transfer now."
"07/04/2026 12:08:00","False","Mary Pappa","Michael Anderson","This is your final warning."
"15/04/2026 00:00:00","True","EuroAsset Legal Consultants","Mary Pappa","Dear Mrs. Pappa, EuroAsset Legal Consultants has been appointed to represent affected investors following the seizure of an online investment platform currently under investigation by European financial authorities. Based on internal transaction records and information obtained during the investigation process, we have identified your profile among the list of potentially eligible victims entitled to participate in restitution proceedings. In order to proceed with the recovery and legal representation process, an administrative and legal processing fee of 2,000 EUR is required. Payment Details: IBAN: GB29 NWBK 6016 1331 9268 44 Beneficiary: EuroAsset Legal Consultants Bank: National Westminster Bank Once the payment has been received, we will initiate the necessary legal actions to recover your funds and keep you informed about the progress of the case. Sincerely, Claims Department EuroAsset Legal Consultants claims@euroasset-legalconsult.com"